production_date,day_number,units_produced,defective_units,defect_rate,centre_line,upper_control_limit,lower_control_limit,in_baseline,beyond_limits,run_of_eight,out_of_control
2024-04-01,1,35137,992,0.028232347667700716,0.025082950772618347,0.02758566960145771,0.022580231943778985,True,True,False,True
2024-04-02,2,30935,1036,0.033489574915144656,0.025082950772618347,0.027750235265864936,0.02241566627937176,True,True,False,True
2024-04-03,3,34486,759,0.022008931160470917,0.025082950772618347,0.027609181354953247,0.022556720190283448,True,True,False,True
2024-04-04,4,33557,735,0.02190303066424293,0.025082950772618347,0.02764391101515257,0.022521990530084125,True,True,False,True
2024-04-05,5,34739,793,0.02282736981490544,0.025082950772618347,0.027599965426419355,0.02256593611881734,True,False,False,False
2024-04-06,6,29126,738,0.02533818581336263,0.025082950772618347,0.027831819355478273,0.022334082189758422,True,False,True,True
2024-04-08,7,33009,884,0.026780574994698415,0.025082950772618347,0.027665081444318,0.022500820100918695,True,False,True,True
2024-04-09,8,32794,880,0.02683417698359456,0.025082950772618347,0.027673531940599877,0.022492369604636818,True,False,True,True
2024-04-10,9,32433,877,0.02704036012703111,0.025082950772618347,0.027687909454887725,0.02247799209034897,True,False,True,True
2024-04-11,10,33088,974,0.029436653771760156,0.025082950772618347,0.027661997090052626,0.02250390445518407,True,True,True,True
2024-04-12,11,30430,793,0.026059809398619783,0.025082950772618347,0.027772276608793462,0.022393624936443233,True,False,True,True
2024-04-13,12,33788,949,0.028086894755534508,0.025082950772618347,0.02763514168268199,0.022530759862554706,True,True,True,True
2024-04-15,13,33596,915,0.027235385164900584,0.025082950772618347,0.02764242413498765,0.022523477410249047,True,False,True,True
2024-04-16,14,32053,609,0.018999781611705614,0.025082950772618347,0.02770330532583027,0.022462596219406425,True,True,False,True
2024-04-17,15,29375,1144,0.03894468085106383,0.025082950772618347,0.027820144037219094,0.0223457575080176,True,True,False,True
2024-04-18,16,31261,903,0.02888583218707015,0.025082950772618347,0.027736291156730583,0.022429610388506112,True,True,False,True
2024-04-19,17,32364,879,0.027159807193177603,0.025082950772618347,0.027690684860408786,0.02247521668482791,True,False,False,False
2024-04-20,18,31681,844,0.02664057321422935,0.025082950772618347,0.02771864460039924,0.022447256944837454,True,False,False,False
2024-04-22,19,31964,711,0.02224377424602678,0.025082950772618347,0.02770695082456805,0.022458950720668645,True,True,False,True
2024-04-23,20,33905,1115,0.032886005014009734,0.025082950772618347,0.027630734303372383,0.02253516724186431,True,True,False,True
2024-04-24,21,29730,640,0.021527077026572486,0.025082950772618347,0.027803752819803466,0.02236214872543323,True,True,False,True
2024-04-25,22,32723,763,0.023316933044036304,0.025082950772618347,0.027676340845664015,0.02248956069957268,True,False,False,False
2024-04-26,23,32446,750,0.023115330086913643,0.025082950772618347,0.027687387543779553,0.02247851400145714,True,False,False,False
2024-04-27,24,29631,816,0.027538726333907058,0.025082950772618347,0.027808294259324115,0.02235760728591258,True,False,False,False
2024-04-29,25,32564,764,0.023461491217295172,0.025082950772618347,0.027682664499136242,0.022483237046100453,True,False,False,False
2024-04-30,26,31461,868,0.027589714249388133,0.025082950772618347,0.02772784396588036,0.022438057579356335,True,False,False,False
2024-05-01,27,32598,812,0.02490950365053071,0.025082950772618347,0.027681308383321085,0.02248459316191561,True,False,False,False
2024-05-02,28,30357,881,0.029021313041473137,0.025082950772618347,0.027775508201239068,0.022390393343997627,True,True,False,True
2024-05-03,29,34000,882,0.025941176470588235,0.025082950772618347,0.02762717241008264,0.022538729135154055,True,False,False,False
2024-05-04,30,29344,666,0.02269629225736096,0.025082950772618347,0.027821589487611605,0.02234431205762509,True,False,False,False
2024-05-06,31,33389,797,0.02387013687142472,0.025082950772618347,0.027650345791243054,0.02251555575399364,True,False,False,False
2024-05-07,32,31704,801,0.025264950794852383,0.025082950772618347,0.027717688381049058,0.022448213164187637,True,False,False,False
2024-05-08,33,31892,728,0.0228270412642669,0.025082950772618347,0.027709911151484724,0.02245599039375197,True,False,False,False
2024-05-09,34,31047,992,0.03195155731632686,0.025082950772618347,0.027745419892918045,0.02242048165231865,True,True,False,True
2024-05-10,35,28507,884,0.031009927386256006,0.025082950772618347,0.027861503498830036,0.02230439804640666,True,True,False,True
2024-05-11,36,31692,666,0.021014767133661492,0.025082950772618347,0.027718187148229753,0.022447714397006942,True,True,False,True
2024-05-13,37,33507,853,0.02545736711731877,0.025082950772618347,0.027645821067956572,0.022520080477280123,True,False,False,False
2024-05-14,38,34189,584,0.017081517447132117,0.025082950772618347,0.027620130316286372,0.022545771228950323,True,True,False,True
2024-05-15,39,30491,849,0.02784428191925486,0.025082950772618347,0.027769585142347113,0.022396316402889582,True,True,False,True
2024-05-16,40,31928,811,0.025400902029566526,0.025082950772618347,0.027708429736321972,0.022457471808914723,True,False,False,False
2024-05-17,41,33780,972,0.028774422735346358,0.025082950772618347,0.027635443878042714,0.02253045766719398,True,True,False,True
2024-05-18,42,33001,804,0.02436289809399715,0.025082950772618347,0.027665394401404468,0.022500507143832227,True,False,False,False
2024-05-20,43,33951,688,0.02026449883655857,0.025082950772618347,0.027629007730266195,0.0225368938149705,True,True,False,True
2024-05-21,44,31144,838,0.02690726945800154,0.025082950772618347,0.027741270443426745,0.02242463110180995,True,False,False,False
2024-05-22,45,36195,888,0.02453377538334024,0.025082950772618347,0.02754882039129936,0.022617081153937336,True,False,False,False
2024-05-23,46,31947,924,0.028922903559019626,0.025082950772618347,0.027707648888050267,0.02245825265718643,True,True,False,True
2024-05-24,47,32313,756,0.0233961563457432,0.025082950772618347,0.027692741958220267,0.022473159587016428,True,False,False,False
2024-05-25,48,32801,935,0.028505228499131122,0.025082950772618347,0.027673255500311952,0.022492646044924743,True,True,False,True
2024-05-27,49,30473,704,0.023102418534440325,0.025082950772618347,0.027770378504986915,0.02239552304024978,True,False,False,False
2024-05-28,50,31239,596,0.01907871570792919,0.025082950772618347,0.02773722529698341,0.022428676248253284,True,True,False,True
2024-05-29,51,32592,793,0.024331124202258223,0.025082950772618347,0.0276815475436705,0.022484354001566197,True,False,False,False
2024-05-30,52,34268,832,0.024279210925644917,0.025082950772618347,0.027617204075520145,0.02254869746971655,True,False,False,False
2024-05-31,53,31973,688,0.021518155944077817,0.025082950772618347,0.02770658148696126,0.022459320058275434,True,True,False,True
2024-06-01,54,32142,932,0.028996328790989984,0.025082950772618347,0.02769967497896856,0.022466226566268135,True,True,False,True
2024-06-03,55,33100,813,0.024561933534743202,0.025082950772618347,0.027661529546830228,0.022504371998406467,True,False,False,False
2024-06-04,56,32996,547,0.016577767002060855,0.025082950772618347,0.027665590057378262,0.022500311487858433,True,True,False,True
2024-06-05,57,32250,805,0.02496124031007752,0.025082950772618347,0.02769528981289357,0.022470611732343125,True,False,False,False
2024-06-06,58,31440,614,0.019529262086513996,0.025082950772618347,0.027728727131996173,0.022437174413240522,True,True,False,True
2024-06-07,59,31179,709,0.022739664517784405,0.025082950772618347,0.02773977797551564,0.022426123569721054,True,False,False,False
2024-06-08,60,34177,962,0.02814758463294028,0.025082950772618347,0.027620575695963937,0.022545325849272758,True,True,False,True
2024-06-10,61,29388,750,0.02552062066149449,0.025082950772618347,0.02781953856137065,0.022346362983866046,True,False,False,False
2024-06-11,62,31795,801,0.025192640352256643,0.025082950772618347,0.02771391525756265,0.022451986287674044,True,False,False,False
2024-06-12,63,33081,690,0.020857894259544752,0.025082950772618347,0.02766226994107427,0.022503631604162425,True,True,False,True
2024-06-13,64,32288,937,0.029020069375619423,0.025082950772618347,0.027693752119194486,0.02247214942604221,True,True,False,True
2024-06-14,65,32891,765,0.023258642181751846,0.025082950772618347,0.02766970913320041,0.022496192412036285,True,False,False,False
2024-06-15,66,34742,1022,0.029416844165563297,0.025082950772618347,0.02759985675094042,0.022566044794296275,True,True,False,True
2024-06-17,67,34690,850,0.02450273854136639,0.025082950772618347,0.02760174245432676,0.022564159090909936,True,False,False,False
2024-06-18,68,33244,590,0.017747563470099866,0.025082950772618347,0.027655938788875234,0.02250996275636146,True,True,False,True
2024-06-19,69,34283,919,0.02680628883119914,0.025082950772618347,0.02761664960306234,0.022549251942174355,True,False,False,False
2024-06-20,70,35285,1157,0.03279013745217515,0.025082950772618347,0.027580415362986915,0.02258548618224978,True,True,False,True
2024-06-21,71,33525,715,0.021327367636092467,0.025082950772618347,0.027645132956709013,0.02252076858852768,True,True,False,True
2024-06-22,72,31586,721,0.022826568732982968,0.025082950772618347,0.02772260526213946,0.022443296283097235,True,False,False,False
2024-06-24,73,31330,876,0.027960421321417173,0.025082950772618347,0.02773336773828129,0.022432533806955406,True,True,False,True
2024-06-25,74,28873,831,0.0287812142832404,0.025082950772618347,0.02784383658416375,0.022322064961072946,True,True,False,True
2024-06-26,75,30709,809,0.026344068514116383,0.025082950772618347,0.027760032089007812,0.022405869456228883,True,False,False,False
2024-06-27,76,32942,747,0.022676218808815495,0.025082950772618347,0.027667705979527377,0.02249819556570932,True,False,False,False
2024-06-28,77,34462,961,0.02788578724392084,0.025082950772618347,0.027610060859650544,0.02255584068558615,True,True,False,True
2024-06-29,78,30850,703,0.02278768233387358,0.025082950772618347,0.02775390727929613,0.022411994265940566,True,False,False,False
2024-07-01,79,32192,781,0.024260685884691848,0.025082950772618347,0.027697642066243578,0.022468259478993117,True,False,False,False
2024-07-02,80,34246,579,0.016907084039011856,0.025082950772618347,0.02761801796066534,0.022547883584571354,True,True,False,True
2024-07-03,81,31702,790,0.02491956343448363,0.025082950772618347,0.027717771489245858,0.022448130055990837,True,False,False,False
2024-07-04,82,28360,450,0.015867418899858956,0.025082950772618347,0.027868695306589048,0.022297206238647647,True,True,False,True
2024-07-05,83,32989,875,0.026523992846100214,0.025082950772618347,0.027665864050467903,0.022500037494768792,True,False,False,False
2024-07-06,84,34114,891,0.026118309198569504,0.025082950772618347,0.027622917793462466,0.02254298375177423,True,False,False,False
2024-07-08,85,32215,892,0.027688964767965233,0.025082950772618347,0.027696708516072893,0.0224691930291638,True,False,False,False
2024-07-09,86,34178,819,0.02396278307683305,0.025082950772618347,0.02762053857203209,0.022545362973204607,True,False,True,True
2024-07-10,87,30912,695,0.022483178053830228,0.025082950772618347,0.02775122737469346,0.022414674170543235,True,False,True,True
2024-07-11,88,29113,621,0.021330677017140108,0.025082950772618347,0.02783243302124949,0.022333468523987206,True,True,True,True
2024-07-12,89,32410,731,0.02255476704720765,0.025082950772618347,0.027688833605209358,0.022477067940027337,True,False,True,True
2024-07-13,90,31362,777,0.024775205662904153,0.025082950772618347,0.027732015225867813,0.022433886319368882,True,False,True,True
2024-07-15,91,32327,543,0.01679710458749652,0.025082950772618347,0.02769217677999039,0.022473724765246304,False,True,True,True
2024-07-16,92,33457,620,0.018531249065965268,0.025082950772618347,0.027647735400896024,0.02251816614434067,False,True,True,True
2024-07-17,93,32634,799,0.024483667340810197,0.025082950772618347,0.02767987480659916,0.022486026738637536,False,False,True,True
2024-07-18,94,31331,882,0.028151032523698574,0.025082950772618347,0.027733325440906252,0.022432576104330443,False,True,False,True
2024-07-19,95,33111,906,0.027362507927878952,0.025082950772618347,0.02766110118884223,0.022504800356394464,False,False,False,False
2024-07-20,96,32750,971,0.02964885496183206,0.025082950772618347,0.02767527159421603,0.022490629951020667,False,True,False,True
2024-07-22,97,33100,712,0.02151057401812689,0.025082950772618347,0.027661529546830228,0.022504371998406467,False,True,False,True
2024-07-23,98,31378,720,0.022946013130218625,0.025082950772618347,0.027731339745662213,0.02243456179957448,False,False,False,False
2024-07-24,99,30249,875,0.02892657608515984,0.025082950772618347,0.027780310626152452,0.022385590919084243,False,True,False,True
2024-07-25,100,33970,798,0.02349131586694142,0.025082950772618347,0.02762829560414992,0.022537605941086773,False,False,False,False
2024-07-26,101,32792,795,0.02424371797999512,0.025082950772618347,0.027673610939796908,0.022492290605439787,False,False,False,False
2024-07-27,102,31164,637,0.020440251572327043,0.025082950772618347,0.027740417296747047,0.022425484248489648,False,True,False,True
2024-07-29,103,33161,877,0.02644672959199059,0.025082950772618347,0.027659156794086082,0.022506744751150613,False,False,False,False
2024-07-30,104,31962,542,0.016957637194168075,0.025082950772618347,0.027707032920776187,0.022458868624460507,False,True,False,True
2024-07-31,105,30188,858,0.02842188949251358,0.025082950772618347,0.02778303448853467,0.022382867056702026,False,True,False,True
2024-08-01,106,28896,772,0.026716500553709856,0.025082950772618347,0.027842737590970865,0.02232316395426583,False,False,False,False
2024-08-02,107,31816,789,0.024798843349258234,0.025082950772618347,0.027713046836420598,0.022452854708816097,False,False,False,False
2024-08-03,108,32309,891,0.027577455198241976,0.025082950772618347,0.02769290350518332,0.022472998040053375,False,False,False,False
2024-08-05,109,32290,495,0.015329823474759988,0.025082950772618347,0.02769367126314694,0.022472230282089754,False,True,False,True
2024-08-06,110,30425,666,0.021889893179950697,0.025082950772618347,0.027772497579652566,0.02239340396558413,False,True,False,True
2024-08-07,111,31925,873,0.02734534064212999,0.025082950772618347,0.027708553091871885,0.02245734845336481,False,False,False,False
2024-08-08,112,31408,751,0.02391110545084055,0.025082950772618347,0.02773007461176745,0.022435826933469245,False,False,False,False
2024-08-09,113,30088,754,0.025059824514756714,0.025082950772618347,0.02778751774423053,0.022378383801006166,False,False,False,False
2024-08-10,114,34932,922,0.02639413718080843,0.025082950772618347,0.027593002517344926,0.02257289902789177,False,False,False,False
2024-08-12,115,32732,762,0.02327997067090309,0.025082950772618347,0.027675984281517213,0.022489917263719482,False,False,False,False
2024-08-13,116,31873,847,0.02657421642142252,0.025082950772618347,0.027710694021171364,0.02245520752406533,False,False,False,False
2024-08-14,117,30664,871,0.028404643882076704,0.025082950772618347,0.027761995702595882,0.022403905842640813,False,True,False,True
2024-08-15,118,33351,1067,0.031993043686845975,0.025082950772618347,0.0276518080148101,0.022514093530426594,False,True,False,True
2024-08-16,119,31139,782,0.02511320209383731,0.025082950772618347,0.02774148385851454,0.022424417686722153,False,False,False,False
2024-08-17,120,32052,644,0.02009234993136154,0.025082950772618347,0.027703346202126836,0.02246255534310986,False,True,False,True
2024-08-19,121,31444,899,0.028590510113217147,0.025082950772618347,0.027728558841670057,0.022437342703566638,False,True,False,True
2024-08-20,122,27835,680,0.024429674869768277,0.025082950772618347,0.02789484375238051,0.022271057792856184,False,False,False,False
2024-08-21,123,29681,599,0.020181260739193425,0.025082950772618347,0.02780599776306487,0.022359903782171824,False,True,False,True
2024-08-22,124,29239,535,0.018297479393960123,0.025082950772618347,0.02782650243549727,0.022339399109739425,False,True,False,True
2024-08-23,125,31531,781,0.024769274682058928,0.025082950772618347,0.027724906453692667,0.022440995091544028,False,False,False,False
2024-08-24,126,31830,763,0.02397109644989004,0.025082950772618347,0.027712468366508126,0.02245343317872857,False,False,False,False
2024-08-26,127,31534,775,0.024576647428172765,0.025082950772618347,0.0277247807789359,0.022441120766300796,False,False,False,False
2024-08-27,128,31854,660,0.020719532868713506,0.025082950772618347,0.027711477591192666,0.02245442395404403,False,True,False,True
2024-08-28,129,32875,910,0.02768060836501901,0.025082950772618347,0.02767033853394833,0.022495563011288366,False,True,False,True
2024-08-29,130,33657,786,0.02335324003921918,0.025082950772618347,0.027640103686330828,0.022525797858905867,False,False,False,False
2024-08-30,131,35179,807,0.022939822052929305,0.025082950772618347,0.02758417516467218,0.022581726380564514,False,False,False,False
2024-08-31,132,30730,695,0.02261633582818093,0.025082950772618347,0.02775911721241344,0.022406784332823254,False,False,False,False
2024-09-02,133,31039,870,0.028029253519765457,0.025082950772618347,0.027745762983557052,0.022420138561679643,False,True,False,True
2024-09-03,134,34125,777,0.02276923076923077,0.025082950772618347,0.02762250838849341,0.022543393156743283,False,False,False,False
2024-09-04,135,30815,661,0.021450592244036996,0.025082950772618347,0.02775542369902547,0.022410477846211224,False,True,False,True
2024-09-05,136,31196,842,0.026990639825618667,0.025082950772618347,0.027739053968954805,0.02242684757628189,False,False,False,False
2024-09-06,137,34661,737,0.02126309108219613,0.025082950772618347,0.0276027959393161,0.022563105605920595,False,True,False,True
2024-09-07,138,30300,650,0.02145214521452145,0.025082950772618347,0.027778039614804125,0.02238786193043257,False,True,False,True
2024-09-09,139,35384,947,0.026763508930590096,0.025082950772618347,0.027576919119208145,0.02258898242602855,False,False,False,False
2024-09-10,140,27824,556,0.01998274870615296,0.025082950772618347,0.027895399527364643,0.022270502017872052,False,True,False,True
2024-09-11,141,31975,727,0.022736512900703675,0.025082950772618347,0.02770649943311476,0.022459402112121937,False,False,False,False
2024-09-12,142,31259,800,0.025592629322755047,0.025082950772618347,0.027736376037819047,0.02242952550741765,False,False,False,False
2024-09-13,143,30581,840,0.02746803570844642,0.025082950772618347,0.027765628841735876,0.02240027270350082,False,False,False,False
2024-09-14,144,32724,816,0.024935826916024934,0.025082950772618347,0.027676301220161542,0.022489600325075153,False,False,False,False
2024-09-16,145,34998,1039,0.029687410709183383,0.025082950772618347,0.027590634645012033,0.022575266900224662,False,True,False,True
2024-09-17,146,29544,702,0.023761169780666124,0.025082950772618347,0.02781230405125507,0.022353597493981626,False,False,False,False
2024-09-18,147,32077,907,0.028275711569037004,0.025082950772618347,0.02770232486822872,0.022463576677007976,False,True,False,True
2024-09-19,148,31458,562,0.017865089961218134,0.025082950772618347,0.027727970078322596,0.0224379314669141,False,True,False,True
2024-09-20,149,34884,664,0.01903451439055154,0.025082950772618347,0.02759472882548897,0.022571172719747724,False,True,False,True
2024-09-21,150,34445,909,0.026389896937146176,0.025082950772618347,0.027610684398220085,0.02255521714701661,False,False,False,False
2024-09-23,151,34044,945,0.02775819527670074,0.025082950772618347,0.02762552774514351,0.022540373800093185,False,True,False,True
2024-09-24,152,33207,809,0.024362333242990936,0.025082950772618347,0.027657371830895065,0.02250852971434163,False,False,False,False
2024-09-25,153,32699,979,0.02993975350928163,0.025082950772618347,0.02767729240297708,0.022488609142259613,False,True,False,True
2024-09-26,154,35229,952,0.02702319112095149,0.025082950772618347,0.02758239955898501,0.022583501986251683,False,False,False,False
2024-09-27,155,32442,752,0.023179828617224587,0.025082950772618347,0.027687548098399878,0.022478353446836817,False,False,False,False
2024-09-28,156,31623,604,0.019100022135787244,0.025082950772618347,0.027721060566801577,0.02244484097843512,False,True,False,True
2024-09-30,157,28763,636,0.022111740778082953,0.025082950772618347,0.027849110853733365,0.02231679069150333,False,True,False,True
2024-10-01,158,33136,1021,0.03081240946402704,0.025082950772618347,0.027660128441346403,0.022505773103890292,False,True,False,True
2024-10-02,159,33765,771,0.02283429586850289,0.025082950772618347,0.027636010783792162,0.022529890761444533,False,False,False,False
2024-10-03,160,34997,755,0.02157327770951796,0.025082950772618347,0.027590670471882323,0.022575231073354372,False,True,False,True
2024-10-04,161,34629,466,0.013456929163417945,0.025082950772618347,0.02760395994095647,0.022561941604280225,False,True,False,True
2024-10-05,162,29813,902,0.030255257773454534,0.025082950772618347,0.027799962795895555,0.02236593874934114,False,True,False,True
2024-10-07,163,32822,793,0.024160623971726282,0.025082950772618347,0.027672426710125937,0.022493474835110758,False,False,False,False
2024-10-08,164,31997,793,0.024783573460011876,0.025082950772618347,0.02770559734861986,0.022460304196616834,False,False,False,False
2024-10-09,165,32586,789,0.024212852145092986,0.025082950772618347,0.027681786770071104,0.02248411477516559,False,False,False,False
2024-10-10,166,31642,629,0.019878642310852665,0.025082950772618347,0.02772026839796232,0.022445633147274376,False,True,False,True
2024-10-11,167,32848,997,0.03035192401363858,0.025082950772618347,0.027671401690303257,0.022494499854933438,False,True,False,True
2024-10-12,168,31582,784,0.02482426698752454,0.025082950772618347,0.027722772418805525,0.02244312912643117,False,False,False,False
2024-10-14,169,30032,592,0.019712306872669155,0.025082950772618347,0.02779003814267421,0.022375863402562486,False,True,False,True
2024-10-15,170,32319,925,0.028620935053683592,0.025082950772618347,0.02769249969401129,0.022473401851225407,False,True,False,True
2024-10-16,171,33114,896,0.027058041915806002,0.025082950772618347,0.02766098440098159,0.022504917144255104,False,False,False,False
2024-10-17,172,32479,693,0.021336863819698883,0.025082950772618347,0.027686064100080253,0.022479837445156442,False,True,False,True
2024-10-18,173,28917,488,0.016875886156931908,0.025082950772618347,0.027841735307727947,0.022324166237508748,False,True,False,True
2024-10-19,174,33520,989,0.029504773269689737,0.025082950772618347,0.027645324043123427,0.022520577502113268,False,True,False,True
2024-10-21,175,30998,644,0.020775533905413254,0.025082950772618347,0.027747523407195503,0.022418378138041192,False,True,False,True
2024-10-22,176,32469,899,0.027687948504727587,0.025082950772618347,0.027686464930553576,0.02247943661468312,False,True,False,True
2024-10-23,177,34240,1080,0.03154205607476635,0.025082950772618347,0.02761824006546737,0.022547661479769325,False,True,False,True
2024-10-24,178,32743,698,0.021317533518614665,0.025082950772618347,0.027675548680555107,0.02249035286468159,False,True,False,True
2024-10-25,179,33282,944,0.028363680067303648,0.025082950772618347,0.027654469504141736,0.02251143204109496,False,True,False,True
2024-10-26,180,30857,750,0.024305668081796676,0.025082950772618347,0.027753604304995044,0.02241229724024165,False,False,False,False
2024-10-28,181,33907,952,0.028076798301235734,0.025082950772618347,0.027630659161923657,0.022535242383313038,False,True,False,True
2024-10-29,182,31079,803,0.025837382155152997,0.025082950772618347,0.027744048855334782,0.022421852689901912,False,False,False,False
2024-10-30,183,30772,1010,0.03282204601585857,0.025082950772618347,0.027757290269586017,0.022408611275650678,False,True,False,True
2024-10-31,184,28744,682,0.023726690787642637,0.025082950772618347,0.02785002492900578,0.022315876616230915,False,False,False,False
2024-11-01,185,31783,618,0.019444357046219676,0.025082950772618347,0.027714411884601293,0.022451489660635402,False,True,False,True
2024-11-02,186,31757,611,0.01923985263091602,0.025082950772618347,0.027715488875357602,0.022450412669879093,False,True,False,True
2024-11-04,187,34797,917,0.026352846509756587,0.025082950772618347,0.02759786685852887,0.022568034686707823,False,False,False,False
2024-11-05,188,33485,888,0.026519337016574586,0.025082950772618347,0.02764666284619246,0.022519238699044236,False,False,False,False
2024-11-06,189,32188,746,0.023176339008326084,0.025082950772618347,0.027697804524927983,0.022468097020308712,False,False,False,False
2024-11-07,190,31370,848,0.027032196365954733,0.025082950772618347,0.02773167742116697,0.022434224124069726,False,False,False,False
2024-11-08,191,33022,907,0.027466537459875234,0.025082950772618347,0.02766457313163116,0.022501328413605536,False,False,False,False
2024-11-09,192,32846,849,0.025847896243073737,0.025082950772618347,0.027671480494770043,0.022494421050466652,False,False,False,False
2024-11-11,193,34669,796,0.02295999307738902,0.025082950772618347,0.027602505190745405,0.02256339635449129,False,False,False,False
2024-11-12,194,32741,660,0.02015821141687792,0.025082950772618347,0.027675627864401555,0.02249027368083514,False,True,False,True
2024-11-13,195,33366,756,0.022657795360546663,0.025082950772618347,0.027651230522897537,0.02251467102233916,False,False,False,False
2024-11-14,196,33604,718,0.021366503987620522,0.025082950772618347,0.027642119453912543,0.022523782091324152,False,True,False,True
2024-11-15,197,30616,773,0.02524823621635746,0.025082950772618347,0.02776409499370812,0.022401806551528576,False,False,False,False
2024-11-16,198,31081,987,0.03175573501496091,0.025082950772618347,0.027743963235795734,0.02242193830944096,False,True,False,True
2024-11-18,199,32322,709,0.021935523791844564,0.025082950772618347,0.027692378587204337,0.022473522958032358,False,True,False,True
2024-11-19,200,34124,926,0.027136326339233383,0.025082950772618347,0.027622545598946623,0.02254335594629007,False,False,False,False
2024-11-20,201,29504,668,0.022640997830802603,0.025082950772618347,0.027814153582726143,0.022351747962510552,False,False,False,False
2024-11-21,202,31759,822,0.025882427028558835,0.025082950772618347,0.02771540598296333,0.022450495562273364,False,False,False,False
2024-11-22,203,34321,932,0.027155385915328806,0.025082950772618347,0.027615246566719716,0.02255065497851698,False,False,False,False
2024-11-23,204,33167,784,0.02363795338740314,0.025082950772618347,0.027658923762228272,0.022506977783008423,False,False,True,True
2024-11-25,205,31988,605,0.01891334250343879,0.025082950772618347,0.027705966270702383,0.022459935274534312,False,True,True,True
2024-11-26,206,30782,761,0.02472224027028783,0.025082950772618347,0.027756855834407634,0.02240904571082906,False,False,True,True
2024-11-27,207,32121,741,0.02306902026711497,0.025082950772618347,0.02770053021743867,0.022465371327798026,False,False,True,True
2024-11-28,208,32271,596,0.018468594093768397,0.025082950772618347,0.027694439699053067,0.022471461846183628,False,True,True,True
2024-11-29,209,33987,829,0.024391679171447907,0.025082950772618347,0.02762765894492115,0.022538242600315544,False,False,True,True
2024-11-30,210,31590,701,0.02219056663501108,0.025082950772618347,0.027722438137223054,0.02244346340801364,False,True,True,True
2024-12-02,211,33479,817,0.024403357328474568,0.025082950772618347,0.027646892566066297,0.022519008979170398,False,False,True,True
2024-12-03,212,31760,721,0.022701511335012595,0.025082950772618347,0.027715364539702435,0.02245053700553426,False,False,True,True
2024-12-04,213,34106,701,0.020553568287104907,0.025082950772618347,0.027623215666926708,0.022542685878309987,False,True,True,True
2024-12-05,214,33604,963,0.028657302702059278,0.025082950772618347,0.027642119453912543,0.022523782091324152,False,True,False,True
2024-12-06,215,33950,804,0.023681885125184095,0.025082950772618347,0.02762904522714704,0.022536856318089656,False,False,False,False
2024-12-07,216,33999,836,0.024588958498779376,0.025082950772618347,0.027627209825932073,0.022538691719304622,False,False,False,False
2024-12-09,217,35429,873,0.024640830957690027,0.025082950772618347,0.02757533476409068,0.022590566781146015,False,False,False,False
2024-12-10,218,32662,750,0.02296246402547303,0.025082950772618347,0.027678761441474468,0.022487140103762227,False,False,False,False
2024-12-11,219,32638,932,0.028555671303388687,0.025082950772618347,0.027679715666725002,0.022486185878511693,False,True,False,True
2024-12-12,220,34934,953,0.0272800137401958,0.025082950772618347,0.027592930665061438,0.022572970880175257,False,False,False,False
2024-12-13,221,30280,766,0.025297225891677676,0.025082950772618347,0.027778929523642044,0.02238697202159465,False,False,False,False
2024-12-14,222,33611,1039,0.030912498884293833,0.025082950772618347,0.027641852947209514,0.02252404859802718,False,True,False,True
2024-12-16,223,29198,798,0.027330639084868828,0.025082950772618347,0.02782842801529109,0.022337473529945605,False,False,False,False
2024-12-17,224,28871,875,0.03030722870700703,0.025082950772618347,0.02784393221084793,0.022321969334388764,False,True,False,True
2024-12-18,225,32905,506,0.015377602188117307,0.025082950772618347,0.027669158784166807,0.022496742761069888,False,True,False,True
2024-12-19,226,32145,721,0.022429615803390885,0.025082950772618347,0.027699552870463565,0.02246634867477313,False,True,False,True
2024-12-20,227,33233,999,0.03006048205097343,0.025082950772618347,0.027656364578399657,0.022509536966837038,False,True,False,True
2024-12-21,228,34185,906,0.02650285212812637,0.025082950772618347,0.027620278750121616,0.02254562279511508,False,False,False,False
2024-12-23,229,31761,570,0.01794653820723529,0.025082950772618347,0.027715323098398827,0.022450578446837868,False,True,False,True
2024-12-24,230,34060,949,0.027862595419847327,0.025082950772618347,0.027624930475468244,0.02254097106976845,False,True,False,True
2024-12-25,231,30571,790,0.025841483759118117,0.025082950772618347,0.027766067567771013,0.022399833977465682,False,False,False,False
2024-12-26,232,31253,823,0.02633347198668928,0.025082950772618347,0.027736630729969423,0.02242927081526727,False,False,False,False
2024-12-27,233,30154,761,0.025237116137162566,0.025082950772618347,0.027784556292987712,0.022381345252248983,False,False,False,False
2024-12-28,234,34613,874,0.025250628376621502,0.025082950772618347,0.02760454254700598,0.022561358998230713,False,False,False,False
2024-12-30,235,31968,841,0.026307557557557558,0.025082950772618347,0.02770678665526505,0.022459114889971644,False,False,False,False
2024-12-31,236,31810,864,0.02716127004086765,0.025082950772618347,0.027713294868994008,0.022452606676242687,False,False,False,False
2025-01-01,237,32049,687,0.02143592623794814,0.025082950772618347,0.027703468842495214,0.02246243270274148,False,True,False,True
2025-01-02,238,32632,856,0.026231919588134346,0.025082950772618347,0.027679954387508823,0.02248594715772787,False,False,False,False
2025-01-03,239,32641,746,0.02285469195183971,0.025082950772618347,0.027679596331016996,0.0224863052142197,False,False,False,False
2025-01-04,240,28991,470,0.016211927839674383,0.025082950772618347,0.02783821213680916,0.022327689408427536,False,True,False,True
2025-01-06,241,33501,807,0.024088833169159128,0.025082950772618347,0.027646050561603356,0.02251985098363334,False,False,False,False
2025-01-07,242,30713,1004,0.032689740500765146,0.025082950772618347,0.027759857754459806,0.02240604379077689,False,True,False,True
2025-01-08,243,32435,808,0.024911361183906276,0.025082950772618347,0.027687829140448383,0.022478072404788312,False,False,False,False
2025-01-09,244,27693,691,0.02495215397392843,0.025082950772618347,0.02790204373537208,0.022263857809864614,False,False,False,False
2025-01-10,245,32829,844,0.025708976819275642,0.025082950772618347,0.02767215062346601,0.022493750921770684,False,False,False,False
2025-01-11,246,33100,993,0.03,0.025082950772618347,0.027661529546830228,0.022504371998406467,False,True,False,True
2025-01-13,247,33019,852,0.025803325358127138,0.025082950772618347,0.027664690407914003,0.02250121113732269,False,False,False,False
2025-01-14,248,31178,732,0.02347809352748733,0.025082950772618347,0.027739820582576704,0.02242608096265999,False,False,False,False
2025-01-15,249,34344,1155,0.0336303284416492,0.025082950772618347,0.027614398491979483,0.02255150305325721,False,True,False,True
2025-01-16,250,31131,947,0.030419838745944557,0.025082950772618347,0.027741825429593057,0.022424076115643638,False,True,False,True
2025-01-17,251,30587,959,0.03135318926341256,0.025082950772618347,0.027765365709394512,0.022400535835842183,False,True,False,True
2025-01-18,252,32933,943,0.02863389305559773,0.025082950772618347,0.027668059139090016,0.02249784240614668,False,True,False,True
2025-01-20,253,33164,804,0.02424315522856109,0.025082950772618347,0.027659040270252195,0.0225068612749845,False,False,False,False
2025-01-21,254,33596,798,0.023752827717585426,0.025082950772618347,0.02764242413498765,0.022523477410249047,False,False,False,False
2025-01-22,255,32717,792,0.024207598496194638,0.025082950772618347,0.02767657863682912,0.022489322908407574,False,False,False,False
2025-01-23,256,31486,768,0.024391793177920347,0.025082950772618347,0.0277267937298963,0.022439107815340396,False,False,False,False
2025-01-24,257,30049,816,0.027155645778561683,0.025082950772618347,0.027789272276986996,0.0223766292682497,False,False,False,False
2025-01-25,258,28431,687,0.024163764904505645,0.025082950772618347,0.02786521474841374,0.022300686796822955,False,False,False,False
2025-01-27,259,32612,817,0.025052128051024164,0.025082950772618347,0.027680750599200856,0.02248515094603584,False,False,False,False
2025-01-28,260,30897,842,0.027251836747904327,0.025082950772618347,0.027751874998935923,0.022414026546300772,False,False,False,False
2025-01-29,261,33475,590,0.017625093353248692,0.025082950772618347,0.02764704574695982,0.022518855798276876,False,True,False,True
2025-01-30,262,33035,841,0.025457847737248372,0.025082950772618347,0.027664065119022196,0.0225018364262145,False,False,False,False
2025-01-31,263,32967,708,0.021476021476021477,0.025082950772618347,0.027666725739658796,0.0224991758055779,False,True,False,True
2025-02-01,264,32913,719,0.021845471394281894,0.025082950772618347,0.027668844456674953,0.022497057088561742,False,True,False,True
2025-02-03,265,30804,697,0.02262693156732892,0.025082950772618347,0.027755900821773323,0.022410000723463372,False,False,False,False
2025-02-04,266,31370,636,0.02027414727446605,0.025082950772618347,0.02773167742116697,0.022434224124069726,False,True,False,True
2025-02-05,267,32626,1107,0.033929994482927724,0.025082950772618347,0.027680193174141606,0.02248570837109509,False,True,False,True
2025-02-06,268,30416,817,0.026860862703840083,0.025082950772618347,0.027772895464497942,0.022393006080738753,False,False,False,False
2025-02-07,269,29135,641,0.022001029689377036,0.025082950772618347,0.027831394750568107,0.02233450679466859,False,True,False,True
2025-02-08,270,29135,765,0.026257079114467136,0.025082950772618347,0.027831394750568107,0.02233450679466859,False,False,False,False
2025-02-10,271,32689,548,0.016764049068493988,0.025082950772618347,0.0276776891944436,0.022488212350793096,False,True,False,True
2025-02-11,272,31362,685,0.021841719278107262,0.025082950772618347,0.027732015225867813,0.022433886319368882,False,True,False,True
2025-02-12,273,28993,610,0.021039561273410824,0.025082950772618347,0.027838117103218922,0.022327784442017773,False,True,False,True
2025-02-13,274,33685,712,0.021137004601454654,0.025082950772618347,0.02763904067361217,0.022526860871624525,False,True,False,True
2025-02-14,275,33028,765,0.023162165435388155,0.025082950772618347,0.027664338627003265,0.02250156291823343,False,False,False,False
2025-02-15,276,32486,807,0.0248414701717663,0.025082950772618347,0.027685783628877362,0.022480117916359333,False,False,False,False
2025-02-17,277,33098,895,0.027040908816242673,0.025082950772618347,0.027661607453042737,0.02250429409219396,False,False,False,False
2025-02-18,278,35175,893,0.025387348969438523,0.025082950772618347,0.02758431737665729,0.022581584168579406,False,False,False,False
2025-02-19,279,32773,916,0.027949836755866108,0.025082950772618347,0.027674361792802527,0.02249153975243417,False,True,False,True
2025-02-20,280,32838,672,0.020464096473597662,0.025082950772618347,0.027671795784627747,0.022494105760608948,False,True,False,True
2025-02-21,281,29614,1000,0.03376781252110488,0.025082950772618347,0.027809076392641033,0.022356825152595662,False,True,False,True
2025-02-22,282,29668,796,0.02683025482000809,0.025082950772618347,0.027806594293566626,0.02235930725167007,False,False,False,False
2025-02-24,283,29210,807,0.027627524820267032,0.025082950772618347,0.027827864011332113,0.022338037533904582,False,False,False,False
2025-02-25,284,31652,775,0.024485024642992542,0.025082950772618347,0.027719851753522155,0.02244604979171454,False,False,False,False
2025-02-26,285,32813,851,0.025934842897632038,0.025082950772618347,0.027672781808495552,0.022493119736741143,False,False,False,False
2025-02-27,286,30513,808,0.02648051650116344,0.025082950772618347,0.027768616430422905,0.02239728511481379,False,False,False,False
2025-02-28,287,31909,785,0.024601209690056098,0.025082950772618347,0.027709211281916193,0.022456690263320502,False,False,False,False
2025-03-01,288,32596,802,0.024604245919744753,0.025082950772618347,0.02768138809610041,0.022484513449136285,False,False,False,False
2025-03-03,289,32523,819,0.025182178765796513,0.025082950772618347,0.027684302642779504,0.02248159890245719,False,False,False,False
2025-03-04,290,33306,775,0.023269080646129828,0.025082950772618347,0.02765354283069488,0.022512358714541814,False,False,False,False
2025-03-05,291,33528,933,0.027827487473156765,0.025082950772618347,0.027645018325378436,0.02252088321985826,False,True,False,True
2025-03-06,292,25610,640,0.024990238188207732,0.025082950772618347,0.02801444883228261,0.022151452712954083,False,False,False,False
2025-03-07,293,31923,692,0.02167716066785703,0.025082950772618347,0.027708635338565386,0.02245726620667131,False,True,False,True
2025-03-08,294,32258,651,0.020181040362080724,0.025082950772618347,0.027694965862118483,0.022470935683118212,False,True,False,True
2025-03-10,295,34007,785,0.02308348281236216,0.025082950772618347,0.027626910545348382,0.022538990999888313,False,False,False,False
2025-03-11,296,32627,721,0.02209826217549882,0.025082950772618347,0.027680153371795344,0.02248574817344135,False,True,False,True
2025-03-12,297,33209,816,0.02457165226294077,0.025082950772618347,0.02765729430793983,0.022508607237296866,False,False,False,False
2025-03-13,298,32188,622,0.01932397166645955,0.025082950772618347,0.027697804524927983,0.022468097020308712,False,True,False,True
2025-03-14,299,32818,1039,0.03165945517703699,0.025082950772618347,0.02767258451358978,0.022493317031646917,False,True,False,True
2025-03-15,300,30192,794,0.026298357180710122,0.025082950772618347,0.02778285562173868,0.022383045923498015,False,False,False,False
2025-03-17,301,32516,842,0.025894944027555666,0.025082950772618347,0.02768458263544726,0.022481318909789435,False,False,False,False
2025-03-18,302,30461,823,0.027018154361314467,0.025082950772618347,0.02777090780404648,0.022394993741190215,False,False,False,False
2025-03-19,303,31449,602,0.019142103087538553,0.025082950772618347,0.027728348523914953,0.022437553021321742,False,True,False,True
2025-03-20,304,30978,849,0.027406546581444896,0.025082950772618347,0.02774838341839647,0.022417518126840223,False,False,False,False
2025-03-21,305,32867,728,0.022149876776097605,0.025082950772618347,0.02767065340665768,0.022495248138579015,False,True,False,True
2025-03-22,306,29964,847,0.02826725403817915,0.025082950772618347,0.027793108120331995,0.0223727934249047,False,True,False,True
2025-03-24,307,32739,945,0.028864656831302116,0.025082950772618347,0.027675707055503814,0.02249019448973288,False,True,False,True
2025-03-25,308,31475,783,0.0248768864177919,0.025082950772618347,0.027727255679571104,0.02243864586566559,False,False,False,False
2025-03-26,309,32062,759,0.023672883787661407,0.025082950772618347,0.027702937525222106,0.02246296402001459,False,False,False,False
2025-03-27,310,30280,796,0.026287978863936592,0.025082950772618347,0.027778929523642044,0.02238697202159465,False,False,False,False
2025-03-28,311,31160,680,0.021822849807445442,0.025082950772618347,0.027740587860369967,0.022425313684866728,False,True,False,True
2025-03-29,312,32563,844,0.025918987808248625,0.025082950772618347,0.027682704417045643,0.02248319712819105,False,False,False,False
2025-03-31,313,31278,734,0.02346697359166187,0.025082950772618347,0.02773556999621477,0.022430331549021926,False,False,False,False
